com.unionpay,
com.xiaomi.shop,com.xiaomi.passport.ui.internal.QuickLoginFragment,com.xiaomi.passport.ui.internal.PswSignInFragment
com.miui.video,com.xiaomi.passport.ui.internal.PswSignInFragment,com.xiaomi.passport.ui.view.PhoneAccountCard,com.miui.video.childmode.ChildModeSecretActivity,com.miui.video.feature.mine.ui.MessageListFragmentCoverView,com.xiaomi.passport.ui.internal.QuickLoginFragment,com.miui.video.feature.mine.history.widget.UIFloatingLoginBar
com.tencent.map,com.tencent.map.poi.widget.ToCloudTipViewFloat
com.liulishuo.engzo,com.liulishuo.russell.ui.real_name.BindMobilePromptFragment$onCreateView$2
com.jiongji.andriod.card,com.jiongji.andriod.card.DataBinderMapperImpl$b,com.jiongji.andriod.card.a.a,com.jiongji.andriod.card.DataBinderMapperImpl,com.jiongji.andriod.card.a.y,com.jiongji.andriod.card.a.i,com.baicizhan.main.auth.AccountVerificationActivity
com.tencent.djcity,
com.baidu.searchbox.lite,com.baidu.searchbox.feed.template.x,com.baidu.searchbox.newpersonalcenter.lite.loginview.LitePersonalShareLoginView,com.baidu.searchbox.account.view.AccountSMSLoginView,com.baidu.searchbox.personalcenter.loginview.PersonalShareLoginView,com.baidu.searchbox.settings.teenager.view.a
com.baidu.homework,
com.zhihu.android,com.zhihu.android.app.ui.fragment.wallet.PasscodeInputFragment,com.zhihu.android.app.ui.fragment.account.ResetInput2Fragment,com.zhihu.android.app.ui.fragment.wallet.PasscodeInputDialog,com.zhihu.android.wallet.DataBinderMapperImpl,com.zhihu.android.wallet.DataBinderMapperImpl$b
com.ximalaya.ting.android,com.ximalaya.ting.android.login.fragment.UnBindFragment,com.ximalaya.ting.android.login.fragment.ModifyPwdFragment,com.ximalaya.ting.android.login.fragment.SmsLoginFragment,com.ximalaya.ting.android.login.fragment.HalfScreenSmsVerificationCodeFragment,com.ximalaya.ting.android.login.fragment.LoginFragment
com.baidu.BaiduMap,com.baidu.mapframework.common.account.widget.BMSmsLoginDialog
com.yidian.xiaomi,com.yidian.news.ui.settings.bindMobile.firstBindMobile.LightMobileBindBaseTipFragment,com.yidian.news.ui.guide.MobileLoginFragment,com.yidian.news.ui.settings.wemedialogin.activity.WeMediaMobileVerifyActivity,com.yidian.news.ui.guide.PhoneLoginActivity,com.yidian.news.ui.guide.normalloginway.LoginWithMobileConstraintLayout,com.yidian.news.ui.settings.bindMobile.LightBindBaseTipFragment,com.yidian.news.ui.settings.bindMobile.firstBindMobile.jg.LightJGBindTip1Fragment,com.zhangyue.iReader.account.Login.ui.LoginViewPassword,com.zhangyue.iReader.account.Login.ui.LoginViewPcode,com.yidian.news.ui.widgets.profile.ProfileLoginItemLayoutV2,com.yidian.news.ui.guide.normalloginway.LoginWithPasswordConstraintLayout,com.yidian.news.ui.widgets.dialog.LoginTipDialog
com.xiaomi.scanner,
com.taobao.taobao,com.ali.user.mobile.login.ui.AliUserMobileLoginFragment,com.taobao.login4android.ui.TaobaoMobileLoginFragment,com.ali.user.mobile.login.ui.RecommendLoginFragment,com.taobao.login4android.ui.TaobaoRecommendLoginFragment,com.ali.user.mobile.login.ui.AliUserLoginFragment,com.taobao.login4android.ui.TaobaoUserLoginFragment
com.microsoft.office.powerpoint,
cn.xuexi.android,com.alibaba.android.user.settings.activity.MobileSettingGuideActivity,com.alibaba.android.user.qrcode.WebLoginActivity,com.alibaba.android.user.login.SignUpWithPwdActivity
com.sina.weibo,com.sina.weibo.account.sso.SSOLoginActivity,com.sina.weibo.account.login.LoginPasswordFragmentNew,com.sina.weibo.account.a$i,com.sina.weibo.account.login.LoginSmsFragmentNew,com.sina.weibo.account.visitorSignUp.LoginHalfFragmentSms,com.sina.weibo.account.UserOverseaLoginActivity
com.tvbc.maiduidui,
com.jifen.qukan,com.jifen.qukan.login.c
com.achievo.vipshop,com.achievo.vipshop.usercenter.fragment.LoginFragment,com.achievo.vipshop.payment.vipeba.activity.EShortPwdPayActivity,com.achievo.vipshop.usercenter.fragment.LastLoginFragment,com.achievo.vipshop.commons.logic.x1.a,com.achievo.vipshop.payment.vipeba.activity.ESmsPayActivity,com.achievo.vipshop.payment.fragment.HSmsFragment,com.achievo.vipshop.payment.base.HalfSmsActivity,com.achievo.vipshop.payment.vipeba.activity.ELongPwdPayActivity
com.sina.weibolite,com.weico.international.activity.SinaLoginMainActivity
com.dragon.read,com.dragon.read.social.pagehelper.bookshelf.tab.ForumTabFragment,com.bytedance.ug.sdk.luckycat.impl.project.ProjectActivity,com.dragon.read.pages.videorecod.ui.FavoriteVideoFragment,com.dragon.read.pages.videorecod.ui.RecentWatchVideoFragment
com.dianping.v1,com.meituan.android.paybase.password.AbstractPasswordKeyboardDialogFragment,com.meituan.android.pay.fragment.VerifyPasswordFragment
com.kmxs.reader,
com.tencent.wemeet.app,
com.baidu.netdisk,com.baidu.searchbox.discovery.novel.tab.NovelBookShelfTab,com.baidu.netdisk.secondpwd.SecondPwdUnlockActivity,com.baidu.searchbox.discovery.novel.view.pay.PayPreviewManager
com.tencent.gamehelper.smoba,
com.duokan.free,com.duokan.reader.ui.surfing.f$b,com.duokan.reader.ui.surfing.SurfingGuideView
com.meitu.meiyancamera,com.meitu.library.account.activity.login.AccountQrCodeAuthLoginActivity,com.meitu.library.account.activity.login.AccountSdkLoginActivity,com.meitu.library.account.activity.screen.fragment.u,com.meitu.library.account.activity.screen.fragment.QuickBindDialogFragment
com.dw.btime,com.dw.btime.GestureVerifyActivity,com.dw.btime.login.view.SignInRememberedView,com.dw.btime.login.LoginByEmailActivity,com.dw.btime.RegisterNew,com.dw.btime.login.view.SignInOrdinaryNewView,com.dw.btime.EditAccountInfo,com.dw.btime.tv.TvLoginActivity,com.dw.btime.view.Welcome,com.dw.btime.login.view.SnsSignInRememberedView
com.chaozh.iReaderFree,com.zhangyue.iReader.account.Login.ui.LoginViewPassword,com.zhangyue.iReader.account.Login.ui.LoginViewPcode,com.zhangyue.iReader.ui.activity.AppLockActivity
com.knew.feed,
com.jingyao.easybike,com.hellobike.hitch.business.order.details.dialog.CallDriverDialog,com.evehicle.sale.business.shop.view.EvcLoginOrderView,com.hellobike.evehicle.business.main.usevehicle.fragment.EVehicleWaitRecycleFragment,com.evehicle.useroperation.business.brandwall.widget.EvcBrandWallLoginView,com.hellobike.evehicle.business.returnvehicle.doorcollection.EVehicleReturnProgressFragment,com.hellobike.userbundle.business.securitypsw.retrieve.RetrievePasswordActivity,com.hellobike.userbundle.business.securitypsw.modify.ModifyUserSecurityPSWActivity
com.jd.jrapp,com.jdjr.generalKeyboard.databinding.SecurityFunctionalVerifyCodeBindingImpl,com.jdjr.generalKeyboard.databinding.SecurityFunctionalSixSquareBindingImpl,com.wangyin.payment.jdpaysdk.payset.smallfreecheck.SmallFreeCheckPasswordFragment,com.jdjr.generalKeyboard.databinding.SecurityLayoutFunctionalActionBinding,com.jdjr.generalKeyboard.databinding.SecurityFunctionalCommonPwdBindingImpl,com.wangyin.payment.jdpaysdk.counter.ui.paycheckpassword.PayCheckPasswordFragment,com.wangyin.payment.jdpaysdk.counter.ui.frontverifypassword.FrontVerifyPasswordFragment,com.jdjr.generalKeyboard.databinding.SecurityLayoutFunctionalUnderlineActionBinding,com.jdjr.generalKeyboard.DataBinderMapperImpl$InnerLayoutIdLookup,com.wangyin.payment.jdpaysdk.counter.ui.checklongpasswordbeforesetshort.CheckLongPasswordBeforeSetShortFragment,com.jdjr.generalKeyboard.DataBinderMapperImpl,com.jdjr.generalKeyboard.databinding.SecurityFunctionalPaymentBindingImpl,com.jdjr.generalKeyboard.databinding.SecurityFunctionalSixUnderlineBindingImpl
com.alibaba.wireless,com.ali.user.mobile.login.ui.AliUserMobileLoginFragment,com.ali.user.mobile.login.ui.AliUserLoginFragment,com.ali.user.mobile.login.ui.AliUserSNSToSMSLoginFragment
com.hpbr.bosszhipin,
com.qiyi.video,org.qiyi.basecore.widget.b.a,org.qiyi.video.playrecord.view.i,com.iqiyi.vip.pageconfig.GuessYouFollowingV3Config,org.qiyi.video.minapp.minapp.c.b,com.iqiyi.pui.login.d,com.iqiyi.videoview.l.h.d,org.qiyi.video.page.v3.page.view.aa,org.qiyi.video.playrecord.view.h,com.qiyi.financesdk.forpay.bankcard.c.g,com.iqiyi.finance.commonforpay.widget.PasswordLayout,org.qiyi.android.video.view.j,com.iqiyi.pui.lite.a,org.qiyi.video.minapp.minappfork.a.a,com.iqiyi.videoview.l.a.a,org.qiyi.android.video.reader.a.b,org.qiyi.android.video.view.i,com.iqiyi.pui.lite.f,com.iqiyi.o.d.b
com.moji.mjweather,moji.com.mjweather.databinding.ViewLoginUsernameBinding,com.moji.mjweather.me.activity.BasePassEditActivity,com.moji.mjfloatball.databinding.ActivityFloatDetailBinding,moji.com.mjweather.databinding.ActivityModifyPassBinding
com.ss.android.article.lite,com.ss.android.account.v2.view.RedPacketRegisterActivity,com.bytedance.ug.sdk.luckycat.impl.project.ProjectActivity
com.iflytek.inputmethod,
com.tencent.news,com.tencent.news.e0,com.tencent.news.webview.WebDetailActivity,com.tencent.news.vertical.star.StarWebviewActivity
com.baidu.tieba,
com.benqu.wuta,com.benqu.wuta.activities.login.UserLoginActivity
com.xiaomi.gamecenter,com.xiaomi.passport.ui.internal.PswSignInFragment,com.xiaomi.gamecenter.ui.mine.view.HomeMineHeadView,com.xiaomi.gamecenter.ui.login.MoreLoginActivity,com.xiaomi.passport.ui.view.PhoneAccountCard,com.xiaomi.passport.ui.internal.QuickLoginFragment
com.youku.phone,com.ali.user.mobile.login.ui.AliUserMobileLoginFragment,com.youku.phone.designatemode.adolescent.ModifyPassActivity,com.youku.phone.designatemode.adolescent.CheckPassActivity,j.p0.j6.e.o1.c,com.alipay.mobile.accountopenauth.ui.MYLoginActivity,com.youku.usercenter.passport.ucc.CustomUserLoginFragment,com.youku.usercenter.passport.activity.PassportYKAuthActivity,com.ali.user.mobile.login.ui.AliUserSNSToSMSLoginFragment,com.ali.user.mobile.login.ui.AliUserLoginFragment,j.p0.j6.e.c1.l0,j.p0.j6.e.c1.n,com.youku.usercenter.passport.ucc.CustomMobileFragment
com.shuqi.controller,com.ali.user.mobile.login.ui.AliUserMobileLoginFragment,com.shuqi.controller.wifibook.a$c,com.shuqi.controller.m.a$e,com.shuqi.controller.g.a$h,com.shuqi.account.activity.AccountSafetyVerifyActivity,com.shuqi.audio.online.c$e,com.shuqi.account.activity.AccountDataModifyActivity,com.ali.user.mobile.login.ui.AliUserCheckAuthFragment,com.shuqi.account.login.k,com.ali.user.mobile.login.ui.AliUserSNSToSMSLoginFragment,com.ali.user.mobile.login.ui.AliUserLoginFragment,com.shuqi.controller.a.a$e
com.qsmy.walkmonkey,
com.taobao.litetao,com.ali.user.mobile.login.ui.AliUserMobileLoginFragment,com.taobao.login4android.ui.TaobaoMobileLoginFragment,com.ali.user.mobile.login.ui.AliUserSNSToSMSLoginFragment,com.ali.user.mobile.login.ui.RecommendLoginFragment,com.taobao.login4android.ui.TaobaoRecommendLoginFragment,com.taobao.ltao.login.CustomLoginFragment,com.ali.user.mobile.login.ui.AliUserLoginFragment,com.taobao.litetao.f$k,com.taobao.login4android.ui.TaobaoUserLoginFragment
com.tencent.wework,ege,com.tencent.wework.login.controller.CommonScanQrLoginActivity,kje,com.tencent.wework.login.controller.LoginPcActivity,com.tencent.wework.login.controller.LoginMultiTerminalActivity,com.tencent.qqmail.secondpwd.SecondPwdVerifyFragment,com.tencent.wework.login.controller.LoginUseExistMobileActivity
com.xs.fm,com.dragon.read.pages.teenmode.fragment.TeenModeClosedFragment,com.bytedance.ug.sdk.luckycat.impl.project.ProjectActivity
me.ele,com.ali.user.mobile.login.ui.AliUserMobileLoginFragment,com.ali.user.mobile.login.ui.small.AliUserSmallLoginFragment,com.ali.user.mobile.login.ui.small.AliUserMobileSmallFragment,me.ele.base.dialog.AnonymousLimitDialog$LoginDialog,me.ele.booking.ui.checkout.dynamic.ui.dialog.InputPasswordDialog2,com.taobao.login4android.ui.TaobaoMobileLoginFragment,com.ali.user.mobile.login.ui.RecommendLoginFragment,me.ele.order.b,com.alipay.mobile.accountopenauth.ui.MYLoginActivity,com.taobao.login4android.ui.TaobaoRecommendLoginFragment,com.ali.user.mobile.login.ui.AliUserSNSToSMSLoginFragment,com.ali.user.mobile.login.ui.AliUserLoginFragment,com.ali.user.mobile.login.ui.small.AliUserRecommendSmallFragment,com.taobao.login4android.ui.TaobaoUserLoginFragment
com.anjuke.android.app,com.anjuke.android.app.chat.conversation.ConversationRecommendAdapter$TipViewHolder,com.anjuke.android.app.chat.conversation.ConversationRecommendAdapter,com.wuba.loginsdk.activity.b.j,com.wuba.loginsdk.activity.account.VerifyCodeActivity,com.wuba.loginsdk.activity.b.a,com.wuba.loginsdk.activity.account.PassportSafeGuardFragment,com.wuba.loginsdk.activity.account.LoginNewFragment,com.wuba.loginsdk.activity.account.PhoneSafeGuardFragment
com.sankuai.meituan.takeoutnew,com.meituan.android.pay.fragment.PasswordVerifyFragment,com.meituan.android.paybase.password.AbstractPasswordKeyboardDialogFragment,com.meituan.passport.login.fragment.ElderAccountLoginFragment,com.meituan.passport.DynamicLoginFragment,com.meituan.passport.login.fragment.NewSSOLoginFragment,com.meituan.passport.login.fragment.ElderSSOLoginFragment,com.meituan.passport.login.fragment.AccountLoginFragment
cn.wps.moffice_eng,f7t,cn.wps.moffice.main.local.home.phone.v2.ext.operate.content.login.ForceLoginOperator,cn.wps.moffice.common.oldfont.guide.detail.UserStatusView,cn.wps.moffice.main.cloud.roaming.login.core.QingLoginNativeViewForCn,cn.wps.moffice.main.cloud.drive.secretfolder.extlibs.view.SecretFolderLockDialog,bt7,v1h,uxf,nvf,fwf,xa7,cn.wps.moffice.main.msgcenter.view.a
com.tencent.ttpic,com.tencent.ttpic.module.settings.AccountPreference,com.tencent.ttpic.module.settings.SettingsActivity$a,k.s.s0.w.c$l,com.tencent.ttpic.module.account.WtLoginActivity,com.tencent.ttpic.module.feeds.MyFeedsActivity,k.s.s0.l$l
com.cubic.autohome,
com.sankuai.meituan,com.meituan.android.paybase.password.AbstractPasswordKeyboardDialogFragment,com.meituan.passport.login.fragment.ElderAccountLoginFragment,com.meituan.passport.DynamicLoginFragment,com.meituan.passport.login.fragment.NewSSOLoginFragment,com.meituan.passport.login.fragment.ElderSSOLoginFragment,com.meituan.android.pay.fragment.VerifyPasswordFragment,com.meituan.passport.login.fragment.AccountLoginFragment
com.tmall.wireless,com.ali.user.mobile.login.ui.AliUserMobileLoginFragment,com.ali.user.mobile.login.ui.small.AliUserMobileSmallFragment,com.tmall.wireless.login.ui.TMMobileLoginFragment,com.taobao.login4android.ui.TaobaoMobileLoginFragment,com.ali.user.mobile.login.ui.RecommendLoginFragment,com.tmall.wireless.login.ui.TMRecommendLoginFragment,com.taobao.login4android.ui.TaobaoUserLoginFragment,com.taobao.login4android.ui.TaobaoRecommendLoginFragment,com.ali.user.mobile.login.ui.AliUserSNSToSMSLoginFragment,com.ali.user.mobile.login.ui.AliUserLoginFragment,com.tmall.wireless.login.ui.TMUserLoginFragment,com.ali.user.mobile.login.ui.small.AliUserRecommendSmallFragment,com.ali.user.mobile.login.ui.small.AliUserSmallLoginFragment
com.mampod.ergedd,
com.tencent.mtt,
com.wuba,com.wuba.home.elder.mycenter.MyCenterElderFragment,com.wuba.homepagenew.strategy.b,com.wuba.loginsdk.activity.dialogview.PhoneLoginView,com.wuba.loginsdk.activity.account.VerifyCodeActivity,com.wuba.loginsdk.activity.account.PassportSafeGuardFragment,com.wuba.homepage.HomePageMVPFragment,com.wuba.loginsdk.activity.account.LoginNewFragment,com.wuba.loginsdk.activity.dialogview.AccountLoginView,com.wuba.loginsdk.activity.account.PhoneSafeGuardFragment
com.smile.gifmaker,c39.d,mc9.m,lib.h0,hy8.e,d78.j,np0.d,com.yxcorp.login.userlogin.fragment.b,com.yxcorp.login.userlogin.fragment.c
com.tencent.mm,com.tencent.mm.plugin.account.ui.r$g,com.tencent.mm.plugin.account.ui.WelcomeSelectView,com.tencent.mm.plugin.account.ui.LoginSelectorUI,com.tencent.mm.plugin.kidswatch.ui.login.KidsWatchLoginFirstChooseSceneUI,com.tencent.mm.plugin.account.ui.VerifyPwdUI,com.tencent.mm.plugin.account.ui.MobileInputUI,com.tencent.mm.plugin.account.ui.SimpleLoginUI,com.tencent.mm.plugin.teenmode.a$e,com.tencent.mm.plugin.account.ui.LoginVoiceUI,com.tencent.mm.plugin.account.ui.LoginHistoryUI,com.tencent.mm.plugin.account.ui.LoginUI,com.tencent.mm.plugin.teenmode.ui.TeenModeVerifyPwdUI,com.tencent.mm.plugin.kidswatch.ui.login.KidsWatchLoginFirst,com.tencent.mm.plugin.kidswatch.b$f
com.duokan.reader,com.xiaomi.passport.ui.internal.QuickLoginFragment,com.xiaomi.passport.ui.internal.PswSignInFragment,com.xiaomi.passport.ui.view.PhoneAccountCard,com.duokan.reader.ui.surfing.SurfingGuideView,com.duokan.personal.b,com.duokan.reader.ui.surfing.AnonymousWarningDialog,com.duokan.reader.ui.surfing.AnonymousWarningDialog$1,com.duokan.reader.ui.surfing.PersonalWebController$RiskyAccountAlertDialog
cn.soulapp.android,cn.soulapp.android.component.setting.more.SettingPwdActivity
com.ss.android.article.video,
com.netease.newsreader.activity,com.netease.newsreader.article.api.c$l,com.netease.newsreader.ureward.b$l,com.netease.newsreader.download.d$l,com.netease.newsreader.video.c$l,com.netease.newsreader.feed.d$l,com.netease.follow.d$l,com.netease.newsreader.bzplayer.g$l,com.netease.newsreader.web.d$l,com.netease.newsreader.biz.b.b$l,com.netease.newsreader.newarch.news.list.live.biz.sub.b,com.netease.d.b$l,com.netease.publish.api.c$l,com.netease.newsreader.comment.d$l,com.netease.newsreader.picset.api.c$l,com.netease.newsreader.biz.switches_api.e$l,com.netease.newsreader.feed.api.d$l,com.netease.newsreader.elder.g$l,com.netease.newsreader.share.b$l,com.netease.newsreader.search.api.f$l,com.netease.newsreader.activity.f$l,com.netease.newsreader.rn.b$l,com.netease.newsreader.video_api.e$l,com.netease.follow_api.c$l,com.netease.publish.d$l,com.netease.newsreader.ureward.api.b$l,com.netease.newsreader.living.api.d$l,com.netease.newsreader.comment.api.d$l,com.netease.newsreader.card.e$l,com.netease.newsreader.ui.b$l,com.netease.newsreader.article.e$l,com.netease.newsreader.picset.d$l,com.netease.newsreader.card_api.d$l,com.netease.newsreader.living.f$l,com.netease.newsreader.search.b$l,com.netease.newsreader.biz.e.b$l
com.qq.reader,com.yuewen.ywlogin.ui.dialog.MultiLoginErrorDialog,com.qq.reader.rewardvote.a$f,com.qq.reader.common.login.view.PhoneLoginActivity,com.qq.reader.login.client.impl.p$e
com.taobao.trip,com.ali.user.mobile.login.ui.AliUserMobileLoginFragment,com.taobao.trip.login.TripUserMobileLoginFragmentV2,com.taobao.trip.login.TripUserLoginFragmentV2,com.taobao.trip.login.TripUserMobileLoginFragment,com.ali.user.mobile.login.ui.AliUserSNSToSMSLoginFragment,com.ali.user.mobile.login.ui.AliUserLoginFragment,com.taobao.trip.login.TripUserLoginFragment
com.tencent.qqlive,com0.tavcut.ml,com.tencent.videocut.picker.txvideo.fragment.MaterialListFragment,com.tencent.qqlive.ona.dialog.j,com.tencent.videocut.base.edit.textsticker.fragment.TextStickerCommonListFragment,com.tencent.qqlive.modules.vb.teenguardianui.adapter.activity.TeenGuardianPasswordActivity,com.tencent.qqlive.modules.vb.teenguardianui.adapter.activity.TeenGuardianLandscapePasswordActivity,com0.tavcut.als,com.tencent.qqlive.modules.vb.teenguardianui.adapter.activity.TeenGuardianNewPasswordActivity
com.campmobile.snowcamera,
com.Qunar,ctrip.android.pay.business.risk.verify.pwd.PasswordInputViewV2,com.mqunar.atom.uc.access.activity.UCLoginByPwdActivity,com.mqunar.atom.uc.access.activity.SixPwdActivity,com.mqunar.pay.inner.activity.manager.account.RedEnvelopeExchangeActivity,com.mqunar.atom.uc.access.activity.TestActivity,ctrip.android.pay.verifycomponent.widget.PasswordInputView,ctrip.android.pay.business.verify.password.MiniPayAbstractDialog
com.microsoft.office.word,
com.ss.android.article.news,com.ss.android.account.v3.minelogin.b,com.bytedance.ugc.publishcommon.mediamaker.entrance.panel.MediaMakerEntrancePanelDialog,com.ss.android.account.v3.view.p,com.bytedance.ug.sdk.luckycat.impl.project.ProjectActivity,com.bytedance.ugc.myaction.report.ReportFragment,com.ss.android.account.v3.minelogin.login2.a,com.bytedance.ugc.myaction.fragment.MyActionAggrFragment,com.bytedance.ugc.publishcommon.mediamaker.entrance.panel.PublishPanelWithThematicAttendanceDialog
com.xiaomi.jr,com.xiaomi.passport.ui.internal.PswSignInFragment,com.xiaomi.passport.ui.internal.AddSystemAccountFragment,com.xiaomi.passport.ui.view.PhoneAccountCard,com.xiaomi.passport.ui.internal.PhTicketSignInFragment,com.xiaomi.passport.ui.internal.QuickLoginFragment
com.snda.wifilocating,com.sdpopen.wallet.pay.activity.SPPassWordActivity,com.lantern.user.ChildTimeLockFragment,com.lantern.launcher.ui.UnitedFragment,com.sdpopen.wallet.charge_transfer_withdraw.ui.SPCheckPassWordActivity
qsbk.app,qsbk.app.me.settings.account.ModifyPwdActivity
com.tencent.qqsports,com.tencent.qqsports.basebusiness.databinding.SimpleLoginWrapperBinding,com.tencent.qqsports.bbs.HomeAttendListFragment,com.tencent.qqsports.wrapper.SimpleLoginWrapper,com.tencent.qqsports.bbs.databinding.HomeAttendListFragBinding,com.tencent.qqsports.recommendEx.view.FeedLoginView,com.tencent.qqsports.databinding.LotteryArticleLoginLayoutBinding,com.tencent.qqsports.databinding.FeedLoginViewLayoutBinding
com.codoon.gps,com.codoon.gps.ui.setting.teenager.TeenagerModePasswordFragment
com.xiaomi.wearable,com.xiaomi.wearable.databinding.FragmentSplashLoginBinding,com.xiaomi.wearable.start.login.LoginFragment,com.xiaomi.passport.ui.internal.PswSignInFragment,com.xiaomi.wearable.databinding.FragmentLoginBinding,com.xiaomi.wearable.course.CourseDetailActivity,df0,com.xiaomi.passport.ui.view.PhoneAccountCard,com.xiaomi.wearable.databinding.FragmentSplashBinding,lo3,hh0,cm1,wj1,com.xiaomi.wearable.start.splash.SplashFragment,com.xiaomi.wearable.databinding.LayoutAccountLoginBinding,lo,com.xiaomi.passport.ui.internal.QuickLoginFragment,q24
com.xingin.xhs,k.d0.g1.j.d,k.d0.o2.f,k.d0.g1.k.d
com.kuaishou.nebula,y09.e,d69.d,v98.j,com.yxcorp.login.userlogin.fragment.b,qlb.h0,com.yxcorp.login.userlogin.fragment.c
com.tencent.mobileqq,com.tenpay.sdk.activity.WithdrawConfirmActivity,com.tencent.mobileqq.activity.RegisterQQNumberActivity,com.tencent.mobileqq.activity.RegisterByNicknameAndPwdActivity,com.tencent.mobileqq.activity.registerGuideLogin.LoginView,com.tencent.mobileqq.activity.SubAccountUgActivity,com.tenpay.sdk.activity.FingerPaySettingActivity,com.tencent.mobileqq.login.ui.AddAccountBaseUI,com.tencent.mobileqq.activity.phone.GuideChangeSecretPhoneBottomDialog,com.tencent.open.agent.AuthorityActivity,com.tencent.mobileqq.activity.registerGuideLogin.RegisterGuideView,com.tencent.mobileqq.activity.GesturePWDUnlockActivity,com.tenpay.sdk.activity.SuperFriendPayActivity,com.tenpay.sdk.activity.WearVerifyActivity,com.tencent.mobileqq.fragment.LoginAccountFragment,com.tenpay.sdk.activity.CertActivity,com.tencent.mobileqq.filemanager.activity.MPFileVerifyPwdView,com.tenpay.sdk.activity.PassVerifyActivity,com.tencent.biz.qrcode.activity.QRLoginAuthActivity
com.ss.android.auto,com.ss.android.mine.account.MineAccountView
com.lingan.seeyou,com.lingan.seeyou.ui.activity.user.login.ReLoginEmailFragment,com.lingan.seeyou.ui.activity.user.retrieve.RetrieveActivity,com.lingan.seeyou.ui.activity.user.retrieve.RetrieveByNicknameActivity
com.alibaba.android.rimet,lie$j,ibg$b,com.alibaba.android.user.qrcode.WebLoginActivity,com.alibaba.android.user.login.SignUpWithPwdActivity,com.alibaba.android.user.settings.activity.MobileSettingGuideActivity,com.alibaba.android.user.login.global.SignUpWithPwdGlobalActivity,com.alibaba.alimei.mail.fragment.MailLoginNativeFragment,com.alibaba.android.rimet.biz.NativeSlideActivity,bjj$b,bjd$h,com.alibaba.android.user.login.LoginTipActivity